{
    "TF_ONLY": {
        "ERROR_ADAPT": [
            3.137521182195741e-05,
            2.568726798932679e-05,
            2.309205101254562e-05,
            2.2105137398564886e-05,
            2.1965730786094833e-05,
            2.254992725201985e-05,
            2.3589055795678896e-05,
            2.518733284455199e-05,
            2.8182173477309302e-05,
            3.0373668499919258e-05,
            3.4039803724394266e-05,
            3.913499998008387e-05,
            4.584605647207468e-05,
            5.5767645652870174e-05,
            7.082828312760854e-05,
            9.757335799494586e-05
        ],
        "ERROR_FINITE": [
            1.5577784796003327e-05,
            1.2815384688041086e-05,
            1.1558721015236143e-05,
            1.1045028099240903e-05,
            1.098415615966306e-05,
            1.1251163433892174e-05,
            1.1794872727255407e-05,
            1.2605893689699159e-05,
            1.3706316392332237e-05,
            1.5150568983472084e-05,
            1.7036050124978008e-05,
            1.9528157500598406e-05,
            2.2914860722808417e-05,
            2.7866505196333488e-05,
            5.278846425230637e-05,
            0.00188922345240487
        ],
        "ERROR_COIL": [
            0.3656475173668123,
            0.3661623248604854,
            0.3667192533104896,
            0.36730309330112526,
            0.36790230523897655,
            0.36850814389648545,
            0.36911400272199835,
            0.36971491906263326,
            0.3703071982757178,
            0.3708881264054157,
            0.3714557493415545,
            0.37200870223724813,
            0.37254607800800943,
            0.37306745231286176,
            0.37358881460776433,
            0.3758208001054385
        ]
    }
}